Workbook

Sheet Dashboard
A1: SPOTIFY DASHBOARD
E4: TOTAL TRACKS | H4: AVG POPULARITY | K4: AVG ENERGY
A5: SELECT GENRE | E5: =Analysis!X2 -> 50 | H5: =Analysis!X3 -> 60.2 | K5: =Analysis!X4 -> 64.58
A6: All
E9: AVG DANCEABILITY | H9: AVG BPM | K9: AVG VALENCE
E10: =Analysis!X5 -> 53.8 | H10: =Analysis!X6 -> 125.28 | K10: =Analysis!X7 -> 46.84
A15: GENRE MIX | H15: GENRE LANDSCAPE
A32: RELEASE TREND | H32: AUDIO PROFILE
A46: ARTIST & POPULARITY DISTRIBUTION
K74: s

Sheet Raw Data
A1: Index | B1: Title | C1: Artist | D1: Top Genre | E1: Year | F1: Beats Per Minute (BPM) | G1: Energy | H1: Danceability | I1: Loudness (dB) | J1: Liveness | K1: Valence | L1: Length (Duration) | M1: Acousticness | N1: Speechiness | O1: Popularity
A2: 1 | B2: Sunrise | C2: Norah Jones | D2: adult standards | E2: 2004 | F2: 157 | G2: 30 | H2: 53 | I2: -14 | J2: 11 | K2: 68 | L2: 201 | M2: 94 | N2: 3 | O2: 71
A3: 2 | B3: Black Night | C3: Deep Purple | D3: album rock | E3: 2000 | F3: 135 | G3: 79 | H3: 50 | I3: -11 | J3: 17 | K3: 81 | L3: 207 | M3: 17 | N3: 7 | O3: 39
A4: 3 | B4: Clint Eastwood | C4: Gorillaz | D4: alternative hip hop | E4: 2001 | F4: 168 | G4: 69 | H4: 66 | I4: -9 | J4: 7 | K4: 52 | L4: 341 | M4: 2 | N4: 17 | O4: 69
A5: 4 | B5: The Pretender | C5: Foo Fighters | D5: alternative metal | E5: 2007 | F5: 173 | G5: 96 | H5: 43 | I5: -4 | J5: 3 | K5: 37 | L5: 269 | M5: 0 | N5: 4 | O5: 76
A6: 5 | B6: Waitin' On A Sunny Day | C6: Bruce Springsteen | D6: classic rock | E6: 2002 | F6: 106 | G6: 82 | H6: 58 | I6: -5 | J6: 10 | K6: 87 | L6: 256 | M6: 1 | N6: 3 | O6: 59
A7: 6 | B7: The Road Ahead (Miles Of The Unknown) | C7: City To City | D7: alternative pop rock | E7: 2004 | F7: 99 | G7: 46 | H7: 54 | I7: -9 | J7: 14 | K7: 14 | L7: 247 | M7: 0 | N7: 2 | O7: 45
A8: 7 | B8: She Will Be Loved | C8: Maroon 5 | D8: pop | E8: 2002 | F8: 102 | G8: 71 | H8: 71 | I8: -6 | J8: 13 | K8: 54 | L8: 257 | M8: 6 | N8: 3 | O8: 74
A9: 8 | B9: Knights of Cydonia | C9: Muse | D9: modern rock | E9: 2006 | F9: 137 | G9: 96 | H9: 37 | I9: -5 | J9: 12 | K9: 21 | L9: 366 | M9: 0 | N9: 14 | O9: 69
A10: 9 | B10: Mr. Brightside | C10: The Killers | D10: modern rock | E10: 2004 | F10: 148 | G10: 92 | H10: 36 | I10: -4 | J10: 10 | K10: 23 | L10: 223 | M10: 0 | N10: 8 | O10: 77
A11: 10 | B11: Without Me | C11: Eminem | D11: detroit hip hop | E11: 2002 | F11: 112 | G11: 67 | H11: 91 | I11: -3 | J11: 24 | K11: 66 | L11: 290 | M11: 0 | N11: 7 | O11: 82
A12: 11 | B12: Love Me Tender | C12: Elvis Presley | D12: adult standards | E12: 2002 | F12: 109 | G12: 5 | H12: 44 | I12: -16 | J12: 11 | K12: 31 | L12: 162 | M12: 88 | N12: 4 | O12: 49
A13: 12 | B13: Seven Nation Army | C13: The White Stripes | D13: alternative rock | E13: 2003 | F13: 124 | G13: 46 | H13: 74 | I13: -8 | J13: 26 | K13: 32 | L13: 232 | M13: 1 | N13: 8 | O13: 74
... A51: 50 | B51: The Day After Tomorrow | C51: Saybia | D51: danish pop rock | E51: 2005 | F51: 76 | G51: 77 | H51: 46 | I51: -5 | J51: 14 | K51: 35 | L51: 234 | M51: 1 | N51: 3 | O51: 51

Sheet Analysis
A1: Metric | B1: Value | D1: Top Genres | E1: Tracks | G1: Top Artists | H1: Tracks | J1: Year | K1: Tracks | M1: Energy Band | N1: Tracks | P1: Popularity Band | Q1: Tracks | S1: Audio Feature | T1: Selected Genre Avg | W1: Filtered KPI | X1: Value
A2: Total tracks | B2: =COUNTA('Raw Data'!$A$2:$A$51) -> 50 | D2: adult standards | E2: 4 | G2: Coldplay | H2: 3 | J2: 2000 | K2: 2 | M2: Low (0–39) | N2: 6 | P2: 0–39 | Q2: 4 | S2: Energy | T2: =IF($T$8="All",AVERAGE('Raw Data'!$G$2:$G$51),AVERAGEIF('Raw Data'!$D$2:$D$51,$T$8,'Raw Data'!$G$2:$G$51)) -> 64.58 | W2: Track count | X2: =IF(Analysis!$T$8="All",COUNTA('Raw Data'!$A$2:$A$51),COUNTIF('Raw Data'!$D$2:$D$51,Analysis!$T$8)) -> 50
A3: Average popularity | B3: =AVERAGE('Raw Data'!$O$2:$O$51) -> 60.2 | D3: alternative rock | E3: 4 | G3: Eminem | H3: 2 | J3: 2001 | K3: 1 | M3: Medium (40–69) | N3: 21 | P3: 40–59 | Q3: 20 | S3: Danceability | T3: =IF($T$8="All",AVERAGE('Raw Data'!$H$2:$H$51),AVERAGEIF('Raw Data'!$D$2:$D$51,$T$8,'Raw Data'!$H$2:$H$51)) -> 53.8 | W3: Avg Popularity | X3: =IF(Analysis!$T$8="All",AVERAGE('Raw Data'!$O$2:$O$51),AVERAGEIF('Raw Data'!$D$2:$D$51,Analysis!$T$8,'Raw Data'!$O$2:$O$51)) -> 60.2
A4: Average danceability | B4: =AVERAGE('Raw Data'!$H$2:$H$51) -> 53.8 | D4: modern rock | E4: 4 | G4: Foo Fighters | H4: 2 | J4: 2002 | K4: 11 | M4: High (70–100) | N4: 23 | P4: 60–79 | Q4: 23 | S4: Valence | T4: =IF($T$8="All",AVERAGE('Raw Data'!$K$2:$K$51),AVERAGEIF('Raw Data'!$D$2:$D$51,$T$8,'Raw Data'!$K$2:$K$51)) -> 46.84 | W4: Avg Energy | X4: =IF(Analysis!$T$8="All",AVERAGE('Raw Data'!$G$2:$G$51),AVERAGEIF('Raw Data'!$D$2:$D$51,Analysis!$T$8,'Raw Data'!$G$2:$G$51)) -> 64.58
A5: Average energy | B5: =AVERAGE('Raw Data'!$G$2:$G$51) -> 64.58 | D5: album rock | E5: 3 | G5: Norah Jones | H5: 2 | J5: 2003 | K5: 3 | P5: 80–100 | Q5: 3 | S5: Acousticness | T5: =IF($T$8="All",AVERAGE('Raw Data'!$M$2:$M$51),AVERAGEIF('Raw Data'!$D$2:$D$51,$T$8,'Raw Data'!$M$2:$M$51)) -> 20.92 | W5: Avg Danceability | X5: =IF(Analysis!$T$8="All",AVERAGE('Raw Data'!$H$2:$H$51),AVERAGEIF('Raw Data'!$D$2:$D$51,Analysis!$T$8,'Raw Data'!$H$2:$H$51)) -> 53.8
A6: Average BPM | B6: =AVERAGE('Raw Data'!$F$2:$F$51) -> 125.28 | D6: alternative metal | E6: 3 | G6: The Killers | H6: 2 | J6: 2004 | K6: 9 | S6: Liveness | T6: =IF($T$8="All",AVERAGE('Raw Data'!$J$2:$J$51),AVERAGEIF('Raw Data'!$D$2:$D$51,$T$8,'Raw Data'!$J$2:$J$51)) -> 19.08 | W6: Avg BPM | X6: =IF(Analysis!$T$8="All",AVERAGE('Raw Data'!$F$2:$F$51),AVERAGEIF('Raw Data'!$D$2:$D$51,Analysis!$T$8,'Raw Data'!$F$2:$F$51)) -> 125.28
A7: Average valence | B7: =AVERAGE('Raw Data'!$K$2:$K$51) -> 46.84 | D7: dutch pop | E7: 3 | G7: Adele | H7: 1 | J7: 2005 | K7: 6 | S7: Speechiness | T7: =IF($T$8="All",AVERAGE('Raw Data'!$N$2:$N$51),AVERAGEIF('Raw Data'!$D$2:$D$51,$T$8,'Raw Data'!$N$2:$N$51)) -> 5.52 | W7: Avg Valence | X7: =IF(Analysis!$T$8="All",AVERAGE('Raw Data'!$K$2:$K$51),AVERAGEIF('Raw Data'!$D$2:$D$51,Analysis!$T$8,'Raw Data'!$K$2:$K$51)) -> 46.84
A8: Average acousticness | B8: =AVERAGE('Raw Data'!$M$2:$M$51) -> 20.92 | D8: permanent wave | E8: 3 | G8: Alanis Morissette | H8: 1 | J8: 2006 | K8: 5 | S8: Filter | T8: =Dashboard!A6 -> All
A9: Average loudness (dB) | B9: =AVERAGE('Raw Data'!$I$2:$I$51) -> -7.38 | D9: british soul | E9: 2 | G9: Amy Winehouse | H9: 1 | J9: 2007 | K9: 5
A10: Average duration (sec) | B10: =AVERAGE('Raw Data'!$L$2:$L$51) -> 268.12 | D10: classic uk pop | E10: 2 | G10: Arctic Monkeys | H10: 1 | J10: 2008 | K10: 4
A11: Unique genres | B11: =COUNTA(Lists!$A$2:$A$20) -> 19 | D11: dance pop | E11: 2 | G11: BLØF | H11: 1 | J11: 2009 | K11: 4

Sheet Source & Notes
A1: Source & Methodology | B1: Details
A2: Kaggle dataset | B2: Spotify - All Time Top 2000s Mega Dataset
A3: Kaggle URL | B3: https://www.kaggle.com/datasets/iamsumat/spotify-top-2000s-mega-dataset
A4: Dataset description | B4: Top 2000 Spotify tracks with audio features; Kaggle page states songs from 1956–2019 and about 15 columns.
A5: Dashboard build | B5: This workbook uses a verified 50-row extract from the published dataset source available in the companion public analysis file.
A6: Purpose | B6: Portfolio / learning dashboard for Advanced Excel data analysis.
A7: Main metrics | B7: Popularity, BPM, Energy, Danceability, Valence, Acousticness, Liveness, Speechiness, Loudness.
A8: Interactive control | B8: Select a genre on Dashboard!A6. KPI cards and radar profile update from the selected genre.
A9: Important | B9: For a full-dataset dashboard, replace/append the Raw Data sheet with the complete Kaggle CSV using the same 15-column schema.

Sheet Lists
A1: Genre | C1: Artist
A2: All | C2: All
A3: adult standards | C3: Adele
A4: afropop | C4: Alanis Morissette
A5: album rock | C5: Amy Winehouse
A6: alternative dance | C6: Arctic Monkeys
A7: alternative hip hop | C7: BLØF
A8: alternative metal | C8: Barry White
A9: alternative pop rock | C9: Bruce Springsteen
A10: alternative rock | C10: City To City
A11: art rock | C11: Coldplay
A12: big room | C12: De Dijk
... A30: pop | C30: Mumford & Sons
C31: Muse
C32: Norah Jones
C33: Paul de Leeuw
C34: Robbie Williams
C35: Robert Plant
C36: Sandy Coast
C37: Santa Esmeralda
C38: Saybia
C39: Snow Patrol
C40: Ten Years After
C41: The Goo Goo Dolls
C42: The Killers
... C46: Youssou N'Dour
